{

    "chart": {
        "type": "area"
    },

    "xAxis": {
        "categories": [ ],
        "ticks" : {
            "enabled" : false
        },
        "margin" : {
            "right" : 30,
            "left" : 70
        },

        "axis" : {
            "arrow" : false
        },
        "padding" : {
            "left" : 30,
            "right" : 30
        }
    },

    "yAxis": {
        "ticks" : {
            "enabled" : true
        },
        "label" : {
            "at" : "left",
            "margin" : 0
        },
        "axis" : {
            "enabled" : false
        },
        "padding" : {
            "top" : 40,
            "bottom" : 0
        },
        "stacked" : 0,
        "min" : 0
    },

    "plotOptions" : {

        "area" : {
            "dot" : {
                "enabled" : false
            },

            "stroke" : {
                "width" : 0
            },

            "fill" : {
                "opacity" : 1
            }
        },

        "line" : {
            "dot" : {
                "enabled" : false
            }
        }
    },

    "interaction" : {
        "hover" : {
            "enabled" : false
        }
    },

    "series": [
        {
            "name": "IE11",
            "data": [0.0367907, 0.0363648, 0.0365393, 0.0361908, 0.0355604, 0.0359678, 0.0351174, 0.0368421, 0.0368133, 0.0366271, 0.036519, 0.0360537, 0.0369114, 0.0374015, 0.0374207, 0.0374404, 0.0370499, 0.0366338, 0.0358646, 0.0368962, 0.0375994, 0.0382481, 0.0383783, 0.0384982, 0.0392554, 0.0395193, 0.0401602, 0.0406689, 0.0407728, 0.0402659, 0.0397596, 0.0385271, 0.0388306, 0.0393927, 0.0399068, 0.0401513, 0.0366527, 0.0310856, 0.030787, 0.0314775, 0.0317088, 0.0316938, 0.0311221, 0.0308553, 0.0305967, 0.0299411, 0.0309221, 0.0313883, 0.0313801, 0.0314385, 0.0311835, 0.0309988, 0.0310287, 0.0302737, 0.031576, 0.0316225, 0.0316202, 0.0316238, 0.031267, 0.0304429, 0.0310783, 0.0324596, 0.0323091, 0.0320528, 0.0316264, 0.0311636, 0.0317507, 0.0321543, 0.0322062, 0.0317709, 0.0316434, 0.0316058, 0.0308026, 0.0319576, 0.0323336, 0.00500142]
        },        {
            "name": "IE10",
            "data": [0.026462, 0.0263135, 0.0260881, 0.0254493, 0.0256362, 0.0259143, 0.0255054, 0.0262778, 0.0264961, 0.0266539, 0.026483, 0.026365, 0.0268001, 0.0265321, 0.0264425, 0.0263719, 0.0262578, 0.026011, 0.025913, 0.0264483, 0.0261785, 0.0264253, 0.0264267, 0.0262824, 0.0265076, 0.0266594, 0.0270619, 0.0266935, 0.0261242, 0.0261717, 0.0261959, 0.0260691, 0.02651, 0.0264906, 0.0266643, 0.0264926, 0.0258546, 0.0245339, 0.0245232, 0.0249508, 0.0245446, 0.0247968, 0.0246668, 0.0244051, 0.0242599, 0.0241793, 0.0246998, 0.0245727, 0.0247349, 0.0247007, 0.0245912, 0.0243381, 0.0248898, 0.0243833, 0.0245035, 0.0245834, 0.0244758, 0.0243589, 0.023969, 0.024057, 0.0242394, 0.0246286, 0.0245287, 0.0243724, 0.0240423, 0.0242481, 0.0248662, 0.0245479, 0.0244877, 0.0242585, 0.0241261, 0.024088, 0.0242624, 0.0248407, 0.0243956, 0.0243707]
        },        {
            "name": "IE9",
            "data": [0.0540855, 0.0537306, 0.0533647, 0.0518928, 0.0515749, 0.0527339, 0.0518141, 0.0540501, 0.0543552, 0.0544712, 0.0539939, 0.0533672, 0.0542362, 0.0547994, 0.0547322, 0.0544778, 0.0543742, 0.0539451, 0.0534131, 0.0546565, 0.0548527, 0.054802, 0.0549135, 0.0548168, 0.0552859, 0.0553576, 0.0563967, 0.056059, 0.0546399, 0.0541275, 0.0543537, 0.0549998, 0.0562107, 0.0564135, 0.0568334, 0.0567069, 0.0565824, 0.0563229, 0.0559332, 0.056794, 0.0570734, 0.0576554, 0.0570426, 0.0564317, 0.0560151, 0.0555094, 0.0564868, 0.0573406, 0.0578412, 0.0579514, 0.0577515, 0.0574614, 0.057856, 0.0569674, 0.0579308, 0.0578536, 0.0577749, 0.0576767, 0.0568649, 0.0566457, 0.0569547, 0.0580041, 0.058005, 0.0575276, 0.0570029, 0.0569409, 0.0577683, 0.0575052, 0.0577075, 0.0575204, 0.0574101, 0.0574235, 0.0572519, 0.058457, 0.0579015, 0.0579262]
        },        {
            "name": "IE8",
            "data": [0.208763, 0.207037, 0.207295, 0.205236, 0.192918, 0.194846, 0.193492, 0.206596, 0.203586, 0.205118, 0.203295, 0.191808, 0.188958, 0.205812, 0.205289, 0.204152, 0.204741, 0.202495, 0.191162, 0.188632, 0.204819, 0.204027, 0.20281, 0.20306, 0.206248, 0.196408, 0.193034, 0.208817, 0.207084, 0.193719, 0.196019, 0.195234, 0.208346, 0.208845, 0.207374, 0.207473, 0.210325, 0.215801, 0.20367, 0.200604, 0.219361, 0.22075, 0.219065, 0.217199, 0.215316, 0.202671, 0.199683, 0.21812, 0.22046, 0.218439, 0.218881, 0.21766, 0.201427, 0.205412, 0.217483, 0.216793, 0.21585, 0.214069, 0.213667, 0.203954, 0.201045, 0.214823, 0.213233, 0.211243, 0.210884, 0.199179, 0.19591, 0.213303, 0.212806, 0.212606, 0.213382, 0.213058, 0.202955, 0.197715, 0.212531, 0.212818]
        },        {
            "name": "IE7",
            "data": [0.006017, 0.00599531, 0.00587342, 0.00565619, 0.00437447, 0.00466551, 0.00439622, 0.00593658, 0.0059069, 0.00603955, 0.00586663, 0.00462116, 0.00459534, 0.005902, 0.00584568, 0.00577648, 0.00567193, 0.00558014, 0.00454067, 0.00449878, 0.00588347, 0.00586624, 0.00589708, 0.0059105, 0.00587855, 0.00499528, 0.00490772, 0.00616744, 0.00583117, 0.00464422, 0.00469407, 0.00471402, 0.00597317, 0.00608342, 0.00599628, 0.00599217, 0.00595428, 0.00596758, 0.00476753, 0.00468918, 0.00612724, 0.00616054, 0.00601112, 0.00587392, 0.00592326, 0.0046854, 0.00466048, 0.00599811, 0.0060167, 0.00593684, 0.00589811, 0.00580013, 0.00451611, 0.00461717, 0.00579473, 0.00581557, 0.00573224, 0.00573143, 0.00597029, 0.00487069, 0.00435314, 0.00574633, 0.00565735, 0.00554975, 0.00542561, 0.0043883, 0.00461326, 0.00553267, 0.00553585, 0.00552573, 0.00550395, 0.00539046, 0.00435498, 0.00424361, 0.00547299, 0.0053752]
        },        {
            "name": "IE6",
            "data": [0.0418599, 0.0412527, 0.0412675, 0.0399083, 0.0346124, 0.0359219, 0.0354165, 0.0412721, 0.0411645, 0.0410852, 0.0396348, 0.0346519, 0.0339829, 0.0405865, 0.0406769, 0.0402316, 0.03989, 0.0388422, 0.0347616, 0.0337175, 0.03989, 0.0393429, 0.038538, 0.0382747, 0.0387018, 0.0352749, 0.0344778, 0.0398613, 0.0384407, 0.0333399, 0.0341156, 0.0345906, 0.039459, 0.0395686, 0.0393458, 0.0393294, 0.0400991, 0.0408961, 0.0364786, 0.0354195, 0.0421215, 0.0426352, 0.0420411, 0.0411642, 0.0398993, 0.035466, 0.0344838, 0.0411291, 0.04164, 0.0412805, 0.041115, 0.0404482, 0.0342922, 0.0354793, 0.0405071, 0.0403483, 0.0400149, 0.0396471, 0.0383298, 0.0344206, 0.0336997, 0.0395065, 0.0390655, 0.0385137, 0.0373551, 0.0336705, 0.0325473, 0.0379182, 0.0384625, 0.038771, 0.0383139, 0.0373687, 0.0334157, 0.0320722, 0.0369602, 0.0368675]
        }
    ]

}



