{

    "chart": {
        "type": "area"
    },

    "xAxis": {
        "categories": [ ],
        "ticks" : {
            "enabled" : false
        },
        "margin" : {
            "right" : 30,
            "left" : 70
        },

        "axis" : {
            "arrow" : false
        },
        "padding" : {
            "left" : 5,
            "right" : 5
        },
        "unit" : {
            "text" : "天"
        }
    },

    "yAxis": {
        "ticks" : {
            "enabled" : true
        },
        "label" : {
            "at" : "left",
            "margin" : 0
        },
        "axis" : {
            "enabled" : false
        },
        "padding" : {
            "top" : 40,
            "bottom" : 0
        },
        "unit" : {
            "text" : "%"
        },
        "stacked" : true,
        "min" : 0
    },

    "plotOptions" : {

        "area" : {
            "dot" : {
                "enabled" : false
            },

            "stroke" : {
                "width" : 0
            },

            "fill" : {
                "opacity" : 1
            }
        },

        "line" : {
            "dot" : {
                "enabled" : false
            }
        }
    },

    "interaction" : {
        "hover" : {
            "enabled" : false
        }
    },

    "series": [
        {
            "name": "FireFox",
            "data": [ 0.0377319 ,0.0384219 ,0.0383545 ,0.0395605 ,0.0367328 ,0.0338072 ,0.033803 ,0.0373546 ,0.037253 ,0.037609 ,0.0387809 ,0.0352321 ,0.0334921 ,0.036514 ,0.0372606 ,0.0372729 ,0.0370147 ,0.0369777 ,0.0332397 ,0.0330527 ,0.0367067 ,0.0379891 ,0.0385118 ,0.0391281 ,0.0407444 ,0.0378105 ,0.0364398 ,0.0397545 ,0.0419633 ,0.0413407 ,0.0395881 ,0.0363441 ,0.0368156 ,0.0393932 ,0.041101 ,0.0417603 ,0.0386821 ,0.033659 ,0.0304525 ,0.0296747 ,0.032743 ,0.0327013 ,0.0325547 ,0.0327545 ,0.0333823 ,0.0303174 ,0.0297054 ,0.0256768 ,0.0186055 ,0.0197305 ,0.0192546 ,0.0214465 ,0.018126 ,0.0187574 ,0.021425 ,0.0207316 ,0.0209815 ,0.0244236 ,0.0243253 ,0.0171656 ,0.0149681 ,0.0183117 ,0.0190376 ,0.020571 ,0.0201548 ,0.0171164 ,0.0172942 ,0.019835 ,0.0195674 ,0.0212488 ,0.0209195 ,0.0214111 ,0.0185499 ,0.0179379 ,0.0210992 ,0.0207939]
        }, {
            "name": "Safari",
            "data": [ 0.0283247 ,0.0288786 ,0.0287081 ,0.0276219 ,0.0363864 ,0.037404 ,0.0371587 ,0.0288049 ,0.0290102 ,0.0288438 ,0.0279769 ,0.0360023 ,0.038609 ,0.0296878 ,0.0291039 ,0.0291279 ,0.0291504 ,0.0280259 ,0.0360102 ,0.0384818 ,0.0295579 ,0.0290003 ,0.0289469 ,0.0293588 ,0.0301494 ,0.0406944 ,0.0435569 ,0.0331371 ,0.0323315 ,0.0424947 ,0.0425242 ,0.0443334 ,0.0345579 ,0.0333065 ,0.0327183 ,0.0326591 ,0.0339903 ,0.0344565 ,0.0450965 ,0.047846 ,0.0364387 ,0.0368429 ,0.0364755 ,0.0360273 ,0.0346183 ,0.0452932 ,0.0480534 ,0.0364189 ,0.0367663 ,0.037812 ,0.0369384 ,0.0363467 ,0.0504138 ,0.0476803 ,0.0375438 ,0.0378416 ,0.0380045 ,0.0381142 ,0.0381023 ,0.0490718 ,0.0514997 ,0.0389344 ,0.0388862 ,0.0391357 ,0.0386363 ,0.0499158 ,0.0525938 ,0.0395377 ,0.0392982 ,0.0396899 ,0.0395041 ,0.0391502 ,0.0511151 ,0.053595 ,0.0403297 ,0.0399089]
        }, {
            "name": "Sogou",
            "data": [0.0664811, 0.0666033, 0.0669809, 0.0672449, 0.068577, 0.0692029, 0.0694854, 0.0672681, 0.0675568, 0.0679703, 0.0680074, 0.0693953, 0.070183, 0.0680766, 0.0676195, 0.0698452, 0.0707741, 0.070573, 0.0723604, 0.0722743, 0.0698526, 0.0687425, 0.0674101, 0.0672514, 0.06588, 0.0663154, 0.0668099, 0.0653263, 0.0634944, 0.0635474, 0.0639031, 0.0651822, 0.0649685, 0.0643094, 0.0638998, 0.0637375, 0.0655626, 0.0692913, 0.0699596, 0.0703375, 0.0683138, 0.0678026, 0.0684887, 0.0686399, 0.0686183, 0.069718, 0.0699128, 0.0694833, 0.0703664, 0.0705525, 0.0700688, 0.0700795, 0.0712692, 0.0710824, 0.0699266, 0.0697856, 0.0698825, 0.06985, 0.0701463, 0.0705671, 0.0712901, 0.0695996, 0.0698662, 0.0700929, 0.0704275, 0.0711599, 0.0713053, 0.0699562, 0.0698498, 0.069388, 0.0691997, 0.0692423, 0.069525, 0.0701449, 0.0694293, 0.0693798]
        }, {
            "name": "QQ",
            "data": [0.0269044, 0.027191, 0.0274749, 0.0288565, 0.0352095, 0.0345494, 0.0358178, 0.0274835, 0.0280688, 0.0282758, 0.0286578, 0.0344749, 0.0353829, 0.0285572, 0.028331, 0.0294527, 0.03015, 0.0308746, 0.0370717, 0.0375466, 0.0298939, 0.0293356, 0.0288798, 0.0290207, 0.0296222, 0.0354012, 0.036267, 0.0297557, 0.0307502, 0.0369222, 0.0374547, 0.0381672, 0.0305368, 0.0297461, 0.0296531, 0.0296658, 0.0306353, 0.0327109, 0.0391276, 0.0398871, 0.0322471, 0.0325013, 0.032573, 0.0329039, 0.033313, 0.040248, 0.0410218, 0.0331599, 0.0337113, 0.0340633, 0.0340297, 0.0343205, 0.0423351, 0.0414675, 0.0339956, 0.0338862, 0.0341478, 0.0342605, 0.0353961, 0.0426039, 0.0440743, 0.0348627, 0.0351294, 0.0357645, 0.0371421, 0.0431779, 0.0443418, 0.0362, 0.0357885, 0.0362288, 0.0366737, 0.0366767, 0.0427249, 0.0434553, 0.0362018, 0.0366141]
        }
    ]

}



