{

    "chart": {
        "type": "line"
    },

    "xAxis": {
        "categories": [ "Apples", "Oranges", "Pears", "Grapes", "Bananas" ],
        "ticks" : {
            "enabled" : false
        },
        "margin" : {
            "right" : 30,
            "left" : 70
        },

        "axis" : {
            "arrow" : false
        },
        "padding" : {
            "left" : 0,
            "right" : 0
        }
    },

    "yAxis": {
        "ticks" : {
            "enabled" : false
        },
        "label" : {
            "at" : "left",
            "margin" : 0
        },
        "axis" : {
            "enabled" : false
        },
        "padding" : {
            "top" : 40,
            "bottom" : 0
        },
        "stacked" : false
    },

    "plotOptions" : {

        "line" : {
            "width" : 1,
            "dot" : {
                "enabled" : false
            }
        }

    },

    "interaction" : {
        "hover" : {
            "enabled" : 0
        }
    },

    "series": [
        {
            "name": "1920x1080",
            "data": [0.0915002, 0.0920124, 0.0926338, 0.0958353, 0.106749, 0.101477, 0.105372, 0.0929105, 0.0934767, 0.0935505, 0.0948715, 0.102824, 0.104283, 0.0941248, 0.0934236, 0.0940143, 0.0957811, 0.0969639, 0.105256, 0.106319, 0.0953472, 0.0953089, 0.0955793, 0.0964148, 0.0969995, 0.103549, 0.104882, 0.0951136, 0.100447, 0.111831, 0.108689, 0.105816, 0.0959948, 0.0940388, 0.0943229, 0.0934254, 0.0943682, 0.0979956, 0.106283, 0.107376, 0.096009, 0.0951063, 0.0961936, 0.0985482, 0.100231, 0.10896, 0.109589, 0.0986027, 0.100427, 0.100693, 0.102485, 0.103197, 0.113109, 0.112487, 0.101507, 0.101905, 0.102977, 0.103194, 0.107459, 0.117654, 0.119603, 0.103979, 0.103197, 0.103783, 0.107144, 0.114362, 0.115584, 0.106145, 0.105173, 0.10568, 0.107115, 0.108564, 0.118644, 0.118565, 0.106943, 0.107575]
        }, {
            "name": "1600x900",
            "data": [0.0576146, 0.057471, 0.0578519, 0.0592134, 0.05644, 0.056073, 0.0564703, 0.0581344, 0.0582814, 0.0581039, 0.0581224, 0.0552471, 0.053476, 0.0581292, 0.0579737, 0.0582255, 0.0587955, 0.0590521, 0.056289, 0.0543314, 0.058692, 0.0586342, 0.0585878, 0.0586851, 0.0587949, 0.0556905, 0.0540992, 0.0593522, 0.060676, 0.0571451, 0.0578203, 0.0570562, 0.059259, 0.0595273, 0.0594685, 0.0596348, 0.0596179, 0.0595401, 0.0563455, 0.0546074, 0.0601764, 0.0598396, 0.0598101, 0.0598338, 0.0602029, 0.0570645, 0.0553585, 0.0606097, 0.0616241, 0.0613714, 0.0614701, 0.0616701, 0.0562434, 0.057992, 0.0617368, 0.061812, 0.0619056, 0.0619791, 0.0622526, 0.0589441, 0.0589336, 0.0627245, 0.0628244, 0.0632566, 0.0634246, 0.0589934, 0.0574444, 0.0634156, 0.0633496, 0.0635756, 0.06392, 0.0640203, 0.0592999, 0.0573569, 0.0641379, 0.0640641]
        }, {
            "name": "1680x1050",
            "data": [0.0316261, 0.0317854, 0.0319928, 0.0333389, 0.0366947, 0.0344372, 0.0361523, 0.0317909, 0.0318949, 0.0318083, 0.0323205, 0.0346263, 0.0350706, 0.0320307, 0.0317692, 0.031765, 0.0320623, 0.0325939, 0.034959, 0.0353462, 0.0319667, 0.0319167, 0.0318948, 0.0320904, 0.0323244, 0.0343259, 0.0346105, 0.0316815, 0.0333167, 0.036726, 0.0357071, 0.0346761, 0.0317941, 0.0310458, 0.0310233, 0.0306543, 0.0312365, 0.0327476, 0.0350407, 0.035556, 0.0321529, 0.0318354, 0.0320337, 0.0325119, 0.0331382, 0.0354592, 0.0358762, 0.0326368, 0.0331101, 0.0329507, 0.0332769, 0.0336568, 0.0365559, 0.0362926, 0.0329869, 0.0330176, 0.0329955, 0.0331863, 0.0346161, 0.0377102, 0.0382784, 0.0335212, 0.0330665, 0.0333528, 0.0342976, 0.0360447, 0.0361973, 0.0336942, 0.033408, 0.0334755, 0.0336176, 0.0341279, 0.0366899, 0.0364384, 0.0336545, 0.0336727]
        }
    ]

}