{
    "heilongjiang": {
        "value": 0.5373843526467681
    },
    "jilin": {
        "value": 0.7315090724732727
    },
    "liaoning": {
        "value": 0.9653274465817958
    },
    "hebei": {
        "value": 0.43733772030100226
    },
    "shandong": {
        "value": 0.6395885858219117
    },
    "jiangsu": {
        "value": 0.30254420707933605
    },
    "zhejiang": {
        "value": 0.4188557821325958
    },
    "anhui": {
        "value": 0.7991042248904705
    },
    "henan": {
        "value": 0.1219481723383069
    },
    "shanxi": {
        "value": 0.30422702990472317
    },
    "shaanxi": {
        "value": 0.9451513343956321
    },
    "gansu": {
        "value": 0.7130642074625939
    },
    "hubei": {
        "value": 0.9809860843233764
    },
    "jiangxi": {
        "value": 0.5054627894423902
    },
    "fujian": {
        "value": 0.5924662582110614
    },
    "hunan": {
        "value": 0.03466653567738831
    },
    "guizhou": {
        "value": 0.3741674979683012
    },
    "sichuan": {
        "value": 0.049351029098033905
    },
    "yunnan": {
        "value": 0.8206710566300899
    },
    "qinghai": {
        "value": 0.9970137455966324
    },
    "hainan": {
        "value": 0.5793451832141727
    },
    "shanghai": {
        "value": 0.38320198096334934
    },
    "chongqing": {
        "value": 0.26494098571129143
    },
    "tianjin": {
        "value": 0.3253969547804445
    },
    "beijing": {
        "value": 0.9925245936028659
    },
    "ningxia": {
        "value": 0.4670353950932622
    },
    "neimongol": {
        "value": 0.23839760292321444
    },
    "guangxi": {
        "value": 0.19527074205689132
    },
    "xinjiang": {
        "value": 0.1753111593425274
    },
    "xizang": {
        "value": 0.4616901110857725
    },
    "guangdong": {
        "value": 0.42218835442326963
    },
    "hongkong": {
        "value": 0.6270812880247831
    },
    "taiwan": {
        "value": 0.6627613527234644
    },
    "macau": {
        "value": 0.6100479736924171
    }
}