{"hongkong":{},"taiwan":{},"macau":{},"shanghai":{"value":0.999999999},"anhui":{"value":0.9955110469705547},"hainan":{"value":0.9936373276776247},"hubei":{"value":0.9828893548824342},"liaoning":{"value":0.9820362146086319},"jiangxi":{"value":0.979389087777769},"xinjiang":{"value":0.9782568829284239},"chongqing":{"value":0.9778502459754902},"xizang":{"value":0.9765904687487543},"beijing":{"value":0.9754183975314745},"henan":{"value":0.9747247227294111},"tianjin":{"value":0.9745174176161506},"hebei":{"value":0.9731061481912631},"shaanxi":{"value":0.9707380859359428},"jilin":{"value":0.9706663264736604},"zhejiang":{"value":0.9679633867276889},"guangxi":{"value":0.9658664157743244},"sichuan":{"value":0.9645029859909584},"yunnan":{"value":0.9626053468772674},"hunan":{"value":0.9621349237356382},"jiangsu":{"value":0.9596472623765141},"fujian":{"value":0.9588100686498857},"ningxia":{"value":0.9587383091876032},"gansu":{"value":0.9586984428196685},"guangdong":{"value":0.9573031199419546},"shanxi":{"value":0.9571914941117374},"qinghai":{"value":0.9559636099793493},"heilongjiang":{"value":0.9498162160438212},"shandong":{"value":0.9487717172039325},"guizhou":{"value":0.9486840111944761},"neimongol":{"value":0.9446814278538339}} 